Label,Average_Identity (%)
>Q8Z2Y2,35.301818181818184
>A1RUV7,22.52909090909091
>P72484,31.14363636363636
>A0QHY3,35.29272727272728
>A5FRB6,30.992727272727276
>P9WG42,35.375454545454545
>Q3KM32,28.900000000000002
>A0R756,24.877272727272725
>Q97VM8,24.94818181818182
>Q8ZJK9,35.38
>Q4JCD8,24.14818181818181
